模块,功能点,子任务/技术要点,优先级,验收标准/备注
用户认证与权限管理,手机号验证码登录,"1. 手机号输入校验（正则：`^1[3-9]\\d{9}$`）,P0,"输入错误手机号时显示""请输入正确的手机号""；验证码倒计时期间不可重新发送；登录成功后存储token到localStorage"
用户认证与权限管理,手机号验证码登录,"2. 验证码输入框（6位数字）,P0,"
用户认证与权限管理,手机号验证码登录,"3. 60秒倒计时防重复发送,P0,"
用户认证与权限管理,手机号验证码登录,"4. 测试验证码：123456,P0,"
用户认证与权限管理,手机号验证码登录,"5. 前端表单验证与错误提示,P0,"
用户认证与权限管理,手机号验证码登录,"6. 后端接口：POST /api/auth/send-code、POST /api/auth/login,P0,"
用户认证与权限管理,角色选择与登录分流,"1. 登录页添加角色选择（广告主/创作者）,P0,广告主登录后跳转/client-workspace；创作者登录后检测个人信息完善状态；未登录访问受保护页面跳转到/login"
用户认证与权限管理,角色选择与登录分流,"2. 登录成功后根据角色跳转不同工作台,P0,"
用户认证与权限管理,角色选择与登录分流,"3. AuthContext实现全局状态管理,P0,"
用户认证与权限管理,角色选择与登录分流,"4. 路由守卫拦截未登录用户,P0,"
用户认证与权限管理,页面访问权限控制,"1. 实现路由守卫组件（ProtectedRoute）,P0,未登录访问/post-order、/client-workspace、/creator-workspace等页面自动跳转登录；创作者访问广告主页面显示权限不足"
用户认证与权限管理,页面访问权限控制,"2. 角色权限校验逻辑,P0,"
用户认证与权限管理,页面访问权限控制,"3. 未登录跳转登录页,P0,"
用户认证与权限管理,页面访问权限控制,"4. 角色不符时显示403页面或提示,P0,"
用户认证与权限管理,页面访问权限控制,"5. 后端接口：GET /api/auth/me（获取当前用户信息）,P0,"
用户认证与权限管理,Token刷新与过期处理,"1. Axios拦截器统一处理token过期,P1,Token过期时清除本地存储并跳转登录页；网络请求失败时显示toast提示""网络异常，请稍后重试"""
用户认证与权限管理,Token刷新与过期处理,"2. Token过期自动跳转登录,P1,"
用户认证与权限管理,Token刷新与过期处理,"3. 网络异常统一提示,P1,"
用户认证与权限管理,Token刷新与过期处理,"4. 刷新token机制（如果后端支持）,P1,"
用户认证与权限管理,登录行为埋点,"1. 记录登录角色（广告主/创作者）,P1,埋点数据上报至后端/第三方分析平台"
用户认证与权限管理,登录行为埋点,"2. 记录登录时间,P1,"
用户认证与权限管理,登录行为埋点,"3. 记录登录来源（直接登录/从其他页面跳转）,P1,"
首页,Hero区域,"1. 全屏背景图实现,P0,搜索框回车或点击搜索按钮跳转到/orders?q=xxx；热门标签点击触发搜索；背景图响应式适配"
首页,Hero区域,"2. 主标题渐变动画（fadeInUp）,P0,"
首页,Hero区域,"3. 搜索框组件（placeholder: ""搜索任何素材要求""）,P0,"
首页,Hero区域,"4. 热门标签Chips（爆款视频裂变、电商KOC种草等）,P0,"
首页,Hero区域,"5. 平台信任背书图标展示,P0,"
首页,搜索功能,"1. 搜索框输入校验,P0,输入为空时提示""请输入搜索关键词""；搜索关键词正确传递到任务大厅页面"
首页,搜索功能,"2. 回车触发搜索,P0,"
首页,搜索功能,"3. URL参数拼接（/orders?q=关键词）,P0,"
首页,搜索功能,"4. 热门标签点击跳转,P0,"
首页,解决方案展示区,"1. 优势点卡片列表（4个核心卖点）,P0,4个优势点正确展示；移动端自适应为单列布局"
首页,解决方案展示区,"2. 卡片hover效果,P0,"
首页,解决方案展示区,"3. 图标+标题+说明文案布局,P0,"
首页,解决方案展示区,"4. 响应式网格布局,P0,"
首页,广告主平台优势,"1. 4个优势点展示,P0,桌面端左右布局，移动端上下堆叠；滚动到视口时触发动画"
首页,广告主平台优势,"2. 左右布局（左侧文案，右侧配图/视频）,P0,"
首页,广告主平台优势,"3. 滚动动画效果,P0,"
首页,广告主平台优势,"4. 响应式适配,P0,"
首页,CTA行动号召区,"1. 标题：""收入，触手可及 | 爆量，如此简单"",P0,点击按钮跳转到/login页面"
首页,CTA行动号召区,"2. ""加入热力豆""按钮,P0,"
首页,CTA行动号召区,"3. 点击跳转登录页,P0,"
首页,CTA行动号召区,"4. 背景渐变效果,P0,"
首页,页脚Footer,"1. 快捷跳转链接（5个分类）,P1,链接正确跳转；备案号准确展示；移动端适配"
首页,页脚Footer,"2. 公司信息（名称、备案号等）,P1,"
首页,页脚Footer,"3. 版权信息,P1,"
首页,页脚Footer,"4. 社交媒体链接（可选）,P1,"
首页,首页行为埋点,"1. 搜索行为埋点（关键词、搜索时间）,P1,搜索行为记录关键词；热门标签记录标签名称"
首页,首页行为埋点,"2. 热门标签点击埋点,P1,"
首页,首页行为埋点,"3. CTA按钮点击埋点,P1,"
首页,首页行为埋点,"4. 页面停留时长统计,P1,"
首页,首页加载优化,"1. 图片懒加载,P1,首屏加载时间<2秒；图片滚动到视口时加载"
首页,首页加载优化,"2. 骨架屏loading,P1,"
首页,首页加载优化,"3. 首屏资源优化,P1,"
任务大厅,页面布局,"1. 顶部标题区（任务大厅 + 副标题）,P0,布局清晰；4列网格响应式适配（移动端1-2列）"
任务大厅,页面布局,"2. 平台Tabs（全部、抖音、快手、小红书、视频号、B站）,P0,"
任务大厅,页面布局,"3. 筛选条布局,P0,"
任务大厅,页面布局,"4. 排序工具条,P0,"
任务大厅,页面布局,"5. 任务卡片网格（4列）,P0,"
任务大厅,页面布局,"6. 分页器,P0,"
任务大厅,平台Tab切换,"1. Tab组件实现,P0,点击""抖音""Tab只显示抖音平台订单；URL参数与Tab状态同步"
任务大厅,平台Tab切换,"2. 点击切换平台筛选,P0,"
任务大厅,平台Tab切换,"3. 选中状态样式,P0,"
任务大厅,平台Tab切换,"4. URL参数同步（?platform=xxx）,P0,"
任务大厅,平台Tab切换,"5. 后端接口：GET /api/orders?platform=xxx,P0,"
任务大厅,筛选功能,"1. 服务选项下拉（不限/爆款复刻/原创内容）,P0,多个筛选条件可叠加使用；筛选条件变更后刷新列表；重置按钮清空所有筛选条件"
任务大厅,筛选功能,"2. 佣金范围下拉（¥100以下/¥100-300/¥300-600/¥600以上）,P0,"
任务大厅,筛选功能,"3. 交付时间下拉（普通72h/加急48h/特急24h）,P0,"
任务大厅,筛选功能,"4. 多条件组合筛选,P0,"
任务大厅,筛选功能,"5. 筛选条件重置功能,P0,"
任务大厅,筛选功能,"6. 后端接口联调,P0,"
任务大厅,排序功能,"1. 排序下拉（成交最多/佣金从低到高/佣金从高到低/最新上架）,P0,切换排序后列表按新规则展示；排序参数正确传递到后端"
任务大厅,排序功能,"2. 排序参数传递,P0,"
任务大厅,排序功能,"3. 默认排序：成交最多,P0,"
任务大厅,排序功能,"4. 后端接口：GET /api/orders?sort=xxx,P0,"
任务大厅,搜索功能,"1. 搜索框输入,P0,输入关键词后搜索结果正确；从首页跳转时搜索框自动填充关键词"
任务大厅,搜索功能,"2. 回车或点击搜索按钮触发,P0,"
任务大厅,搜索功能,"3. 从首页跳转时自动填充搜索词,P0,"
任务大厅,搜索功能,"4. 后端接口：GET /api/orders?q=xxx,P0,"
任务大厅,任务卡片展示,"1. 卡片组件设计,P0,卡片信息正确展示；点击卡片或按钮跳转到订单详情页"
任务大厅,任务卡片展示,"2. 服务标题（最多2行，超出省略）,P0,"
任务大厅,任务卡片展示,"3. 平台标签Badge（彩色）,P0,"
任务大厅,任务卡片展示,"4. 广告主头像Avatar,P0,"
任务大厅,任务卡片展示,"5. 评分星星展示,P0,"
任务大厅,任务卡片展示,"6. 佣金价格高亮,P0,"
任务大厅,任务卡片展示,"7. 时效标签（加急红点）,P0,"
任务大厅,任务卡片展示,"8. ""立即查看""按钮,P0,"
任务大厅,任务卡片展示,"9. 后端接口数据联调,P0,"
任务大厅,分页功能,"1. 分页组件实现,P0,点击分页按钮切换页面；页码正确更新；超过最后一页时禁用""下一页""按钮"
任务大厅,分页功能,"2. 上一页/下一页按钮,P0,"
任务大厅,分页功能,"3. 页码展示,P0,"
任务大厅,分页功能,"4. 每页数量配置,P0,"
任务大厅,分页功能,"5. 后端接口：GET /api/orders?page=1&limit=20,P0,"
任务大厅,结果数量展示,"1. ""共X条结果""文案,P1,筛选后结果数量正确更新；无结果时显示空状态图"
任务大厅,结果数量展示,"2. 动态更新数量,P1,"
任务大厅,结果数量展示,"3. 空状态展示（无结果时）,P1,"
任务大厅,空状态处理,"1. 空状态插图,P1,无任务时显示空状态图；广告主点击按钮跳转到发布订单页"
任务大厅,空状态处理,"2. ""暂无任务""提示文案,P1,"
任务大厅,空状态处理,"3. ""去发布任务""按钮（广告主）,P1,"
任务大厅,空状态处理,"4. 筛选无结果时的提示,P1,"
任务大厅,任务大厅埋点,"1. 筛选条件使用埋点,P1,记录用户筛选、排序、搜索行为；任务卡片点击记录订单ID"
任务大厅,任务大厅埋点,"2. 排序方式使用埋点,P1,"
任务大厅,任务大厅埋点,"3. 搜索关键词埋点,P1,"
任务大厅,任务大厅埋点,"4. 任务卡片点击埋点,P1,"
任务大厅,任务大厅埋点,"5. 分页行为埋点,P1,"
任务大厅,网络异常处理,"1. 接口请求失败重试机制,P1,接口失败时显示""加载失败，请重试""；loading状态显示骨架屏"
任务大厅,网络异常处理,"2. 错误提示toast,P1,"
任务大厅,网络异常处理,"3. 骨架屏loading,P1,"
任务大厅,网络异常处理,"4. 空数据兜底,P1,"
订单详情,页面布局,"1. 面包屑导航（首页/任务大厅/订单标题）,P0,面包屑正确导航；右侧信息区桌面端固定；移动端自适应"
订单详情,页面布局,"2. 订单标题区,P0,"
订单详情,页面布局,"3. 广告主信息区,P0,"
订单详情,页面布局,"4. 主视觉区（封面图/视频预览）,P0,"
订单详情,页面布局,"5. 订单信息区（右侧固定）,P0,"
订单详情,页面布局,"6. 服务详情描述,P0,"
订单详情,页面布局,"7. 响应式布局,P0,"
订单详情,面包屑导航,"1. 面包屑组件,P0,点击""首页""跳转到/；点击""任务大厅""跳转到/orders"
订单详情,面包屑导航,"2. 首页/任务大厅可点击,P0,"
订单详情,面包屑导航,"3. 订单标题不可点击,P0,"
订单详情,面包屑导航,"4. 点击跳转对应页面,P0,"
订单详情,核心字段展示,"1. 订单标题,P0,所有字段正确展示；价格计算正确（第一次30%、第二次70%）"
订单详情,核心字段展示,"2. 评分（4.9）+ 评价数量,P0,"
订单详情,核心字段展示,"3. 已收到投稿数 + 已验收数,P0,"
订单详情,核心字段展示,"4. 广告主头像 + 名称,P0,"
订单详情,核心字段展示,"5. 验收通过率,P0,"
订单详情,核心字段展示,"6. 平均验收时间,P0,"
订单详情,核心字段展示,"7. 佣金价格 + 第一次/第二次验收预估,P0,"
订单详情,核心字段展示,"8. 素材条数、接受AI、平台、任务时间等参数,P0,"
订单详情,核心字段展示,"9. 后端接口：GET /api/orders/:id,P0,"
订单详情,订单信息区,"1. 任务名称展示,P0,订单信息完整展示；价格计算正确"
订单详情,订单信息区,"2. 佣金价格展示,P0,"
订单详情,订单信息区,"3. 第一次验收预估佣金,P0,"
订单详情,订单信息区,"4. 第二次验收预估佣金,P0,"
订单详情,订单信息区,"5. 简要描述,P0,"
订单详情,订单信息区,"6. 素材条数,P0,"
订单详情,订单信息区,"7. 出片时间（72/48/24小时）,P0,"
订单详情,订单信息区,"8. AI创作（接受/不接受）,P0,"
订单详情,订单信息区,"9. 场景要求、视频风格、配音要求,P0,"
订单详情,订单信息区,"10. 后端接口数据联调,P0,"
订单详情,""立即抢单""按钮,"1. 按钮组件（固定底部/右侧）,P0,未登录跳转登录页；已登录弹出确认弹窗；确认接单后跳转工作台"
订单详情,""立即抢单""按钮,"2. 未登录点击跳转/login,P0,"
订单详情,""立即抢单""按钮,"3. 已登录点击弹出确认弹窗,P0,"
订单详情,""立即抢单""按钮,"4. 确认后创建投标记录,P0,"
订单详情,""立即抢单""按钮,"5. 跳转到创作者工作台,P0,"
订单详情,""立即抢单""按钮,"6. 后端接口：POST /api/bids,P0,"
订单详情,接单前置条件校验,"1. 个人信息完善检查（isProfileComplete）,P0,个人信息未完善提示完善信息；接单数量超限提示""最多同时接单3个任务""；曾被拒绝提示""无法再次接单""；订单过期提示""该订单已过期"""
订单详情,接单前置条件校验,"2. 接单数量限制检查（<3个）,P0,"
订单详情,接单前置条件校验,"3. 订单状态检查（approved）,P0,"
订单详情,接单前置条件校验,"4. 拒绝记录检查（isRejected）,P0,"
订单详情,接单前置条件校验,"5. 超时检查（endTime）,P0,"
订单详情,接单前置条件校验,"6. 后端接口：GET /api/bids/check-eligible,P0,"
订单详情,接单前置条件校验,"7. 各种错误提示文案,P0,"
订单详情,确认接单弹窗,"1. Dialog组件,P0,弹窗正确展示；点击确认提交投标；点击取消关闭弹窗"
订单详情,确认接单弹窗,"2. 确认文案：""确认接单吗？"",P0,"
订单详情,确认接单弹窗,"3. 取消/确认按钮,P0,"
订单详情,确认接单弹窗,"4. 点击确认后提交投标,P0,"
订单详情,确认接单弹窗,"5. 后端接口：POST /api/bids,P0,"
订单详情,空状态处理,"1. 订单不存在时的404页面,P1,订单不存在显示404；订单已下架显示""该订单已下架"""
订单详情,空状态处理,"2. 订单已下架的提示,P1,"
订单详情,空状态处理,"3. 加载失败的错误提示,P1,"
订单详情,广告主信息点击跳转,"1. 广告主头像/名称可点击,P1,点击广告主名称跳转到/creators/:id"
订单详情,广告主信息点击跳转,"2. 跳转到创作者详情页,P1,"
订单详情,广告主信息点击跳转,"3. 参数传递,P1,"
订单详情,订单详情埋点,"1. 页面访问埋点（订单ID）,P1,记录订单ID；记录接单失败原因（个人信息未完善/超限/被拒绝/过期）"
订单详情,订单详情埋点,"2. ""立即抢单""点击埋点,P1,"
订单详情,订单详情埋点,"3. 接单成功/失败埋点,P1,"
订单详情,订单详情埋点,"4. 前置条件校验失败埋点,P1,"
订单详情,订单详情加载失败,"1. 网络异常提示,P1,接口失败时显示""加载失败，请重试""；提供重试按钮"
订单详情,订单详情加载失败,"2. 骨架屏loading,P1,"
订单详情,订单详情加载失败,"3. 重试按钮,P1,"
发布订单,页面布局,"1. 全屏布局（无Navbar和Footer）,P0,全屏展示；桌面端左右布局；移动端上下堆叠"
发布订单,页面布局,"2. 分步骤表单（基本信息/详细描述/任务参数/任务时间）,P0,"
发布订单,页面布局,"3. 左侧表单 + 右侧预览（桌面端）,P0,"
发布订单,页面布局,"4. 进度指示器,P0,"
发布订单,页面布局,"5. 响应式布局,P0,"
发布订单,基本信息表单,"1. 任务标题输入（必填，最少5个字符）,P0,标题少于5字符时提示""任务标题至少5个字符""；佣金价格必须为正整数"
发布订单,基本信息表单,"2. 视频类型选择（爆款复刻/原创内容）,P0,"
发布订单,基本信息表单,"3. 佣金价格输入（必填，正整数）,P0,"
发布订单,基本信息表单,"4. 表单验证规则,P0,"
发布订单,基本信息表单,"5. 错误提示文案,P0,"
发布订单,详细描述表单,"1. 基础要求（选填，最多2000字）,P0,超过2000字时提示""描述不能超过2000字""；字数统计实时更新"
发布订单,详细描述表单,"2. 硬性要求（必填，最多2000字）,P0,"
发布订单,详细描述表单,"3. 非硬性要求（选填，最多2000字）,P0,"
发布订单,详细描述表单,"4. 补充说明（选填，最多2000字）,P0,"
发布订单,详细描述表单,"5. 字数统计实时显示,P0,"
发布订单,详细描述表单,"6. Textarea组件,P0,"
发布订单,任务参数表单,"1. 素材条数输入（必填，正整数）,P0,所有必填项验证通过；下拉选项正确展示"
发布订单,任务参数表单,"2. 接受AI创作（接受/不接受）,P0,"
发布订单,任务参数表单,"3. 场景要求输入（选填）,P0,"
发布订单,任务参数表单,"4. 视频风格输入（选填）,P0,"
发布订单,任务参数表单,"5. 配音要求下拉（普通话/方言等）,P0,"
发布订单,任务参数表单,"6. 投放平台下拉,P0,"
发布订单,任务参数表单,"7. 分辨率选择（9:16/4:3/1:1）,P0,"
发布订单,任务参数表单,"8. 任务时效选择（72/48/24小时）,P0,"
发布订单,参考图上传,"1. 图片/视频上传组件,P0,最多上传4个文件；支持图片和视频；显示上传进度；可删除已上传文件"
发布订单,参考图上传,"2. 最多4个文件,P0,"
发布订单,参考图上传,"3. 文件类型限制（图片/视频）,P0,"
发布订单,参考图上传,"4. 文件大小限制,P0,"
发布订单,参考图上传,"5. 上传进度显示,P0,"
发布订单,参考图上传,"6. 预览缩略图,P0,"
发布订单,参考图上传,"7. 删除功能,P0,"
发布订单,参考图上传,"8. 后端接口：POST /api/upload,P0,"
发布订单,任务时间选择,"1. 开始时间DateTimePicker,P0,结束时间早于开始时间时提示""结束时间必须晚于开始时间""；结束时间与开始时间间隔不足24小时时提示""任务时长至少24小时"""
发布订单,任务时间选择,"2. 结束时间DateTimePicker,P0,"
发布订单,任务时间选择,"3. 结束时间必须晚于开始时间,P0,"
发布订单,任务时间选择,"4. 开始时间必须晚于当前时间,P0,"
发布订单,任务时间选择,"5. 结束时间必须晚于开始时间至少24小时,P0,"
发布订单,任务时间选择,"6. 时间验证规则,P0,"
发布订单,AI预审功能,"1. ""AI预审""按钮,P0,点击按钮后显示loading；AI返回结果后展示弹窗；warning类型时建议修改"
发布订单,AI预审功能,"2. 加载状态展示,P0,"
发布订单,AI预审功能,"3. AI预审结果弹窗（success/warning/info）,P0,"
发布订单,AI预审功能,"4. 预审结果文案展示,P0,"
发布订单,AI预审功能,"5. ""继续修改"" / ""确认发布""按钮,P0,"
发布订单,AI预审功能,"6. 后端接口：POST /api/orders/ai-review,P0,"
发布订单,确认发布,"1. ""确认发布""按钮,P0,点击按钮提交订单；提交成功后跳转工作台；订单状态为pending"
发布订单,确认发布,"2. 表单最终验证,P0,"
发布订单,确认发布,"3. 提交到后端,P0,"
发布订单,确认发布,"4. 订单状态变更为""审核中"",P0,"
发布订单,确认发布,"5. 跳转到广告主工作台,P0,"
发布订单,确认发布,"6. 后端接口：POST /api/orders,P0,"
发布订单,保存草稿,"1. ""保存草稿""按钮,P1,点击保存后存储草稿；下次打开时可恢复"
发布订单,保存草稿,"2. 本地存储或后端存储,P1,"
发布订单,保存草稿,"3. 下次打开时恢复草稿,P1,"
发布订单,保存草稿,"4. 草稿列表展示（可选）,P1,"
发布订单,保存草稿,"5. 后端接口：POST /api/orders/draft,P1,"
发布订单,表单验证,"1. 必填项验证,P0,所有必填项为空时提示；格式错误时提示；提交时全局验证并定位到第一个错误项"
发布订单,表单验证,"2. 格式验证,P0,"
发布订单,表单验证,"3. 长度验证,P0,"
发布订单,表单验证,"4. 逻辑验证（时间关系等）,P0,"
发布订单,表单验证,"5. 提交前全局验证,P0,"
发布订单,表单验证,"6. 错误提示定位,P0,"
发布订单,右侧预览,"1. 实时预览订单信息,P1,表单填写时预览实时更新；价格正确计算"
发布订单,右侧预览,"2. 参数卡片展示,P1,"
发布订单,右侧预览,"3. 价格预览,P1,"
发布订单,右侧预览,"4. 更新时同步刷新,P1,"
发布订单,发布订单埋点,"1. 表单填写进度埋点,P1,记录AI预审使用次数；记录发布失败原因"
发布订单,发布订单埋点,"2. AI预审使用埋点,P1,"
发布订单,发布订单埋点,"3. 发布成功/失败埋点,P1,"
发布订单,发布订单埋点,"4. 草稿保存埋点,P1,"
发布订单,网络异常处理,"1. 接口请求失败重试,P1,上传失败时显示""上传失败，请重试""；离开页面时提示""订单尚未发布，确定离开吗？"""
发布订单,网络异常处理,"2. 上传失败提示,P1,"
发布订单,网络异常处理,"3. 草稿自动保存,P1,"
发布订单,网络异常处理,"4. 离开页面提示,P1,"
广告主工作台,页面布局,"1. 左侧导航栏（任务/投标/创作者/消息/财务）,P0,左侧导航固定；Tab切换正确显示内容"
广告主工作台,页面布局,"2. 顶部用户信息区,P0,"
广告主工作台,页面布局,"3. 主内容区,P0,"
广告主工作台,页面布局,"4. Tab切换组件,P0,"
广告主工作台,页面布局,"5. 响应式布局,P0,"
广告主工作台,Tab导航,"1. 5个Tab：我的任务/投标管理/创作者管理/消息中心/财务管理,P0,点击Tab切换内容；徽章显示未读数量"
广告主工作台,Tab导航,"2. Tab图标+文案,P0,"
广告主工作台,Tab导航,"3. 选中状态样式,P0,"
广告主工作台,Tab导航,"4. 徽章提示（未读数量等）,P0,"
广告主工作台,Tab导航,"5. 切换动画,P0,"
广告主工作台,我的任务Tab,"1. 订单列表展示,P0,订单列表正确展示；状态筛选生效；操作按钮正确执行"
广告主工作台,我的任务Tab,"2. 订单状态筛选（全部/审核中/审核通过/审核驳回/进行中/已下架/已结束）,P0,"
广告主工作台,我的任务Tab,"3. 订单卡片组件,P0,"
广告主工作台,我的任务Tab,"4. 下架/编辑/删除操作,P0,"
广告主工作台,我的任务Tab,"5. 后端接口：GET /api/orders/my-orders,P0,"
广告主工作台,订单状态定义,"1. 审核中-紫色,P0,状态颜色正确；状态文案正确"
广告主工作台,订单状态定义,"2. 审核通过-绿色,P0,"
广告主工作台,订单状态定义,"3. 审核驳回-红色,P0,"
广告主工作台,订单状态定义,"4. 进行中-蓝色,P0,"
广告主工作台,订单状态定义,"5. 已下架-灰色,P0,"
广告主工作台,订单状态定义,"6. 已结束-灰色,P0,"
广告主工作台,订单状态定义,"7. Badge组件,P0,"
广告主工作台,订单操作,"1. 下架订单按钮,P0,下架订单后状态变为offline；编辑后跳转发布订单页；删除后从列表移除"
广告主工作台,订单操作,"2. 编辑订单（未审核通过前）,P0,"
广告主工作台,订单操作,"3. 删除订单（无投标时）,P0,"
广告主工作台,订单操作,"4. 确认弹窗,P0,"
广告主工作台,订单操作,"5. 后端接口：PUT /api/orders/:id/offline、DELETE /api/orders/:id,P0,"
广告主工作台,投标管理Tab,"1. 投标列表展示,P0,投标列表正确展示；状态筛选生效；审核操作正确执行"
广告主工作台,投标管理Tab,"2. 投标状态筛选（全部/待审核/预审已通过/待交付/已完成/已拒绝）,P0,"
广告主工作台,投标管理Tab,"3. 投标卡片组件,P0,"
广告主工作台,投标管理Tab,"4. 审核操作（确认通过/修改/订单冻结）,P0,"
广告主工作台,投标管理Tab,"5. 后端接口：GET /api/bids/my-bids,P0,"
广告主工作台,视频审核,"1. 查看创作者上传的3个视频,P0,视频正确加载播放；高清版仅在交付后可查看"
广告主工作台,视频审核,"2. 高光视频播放器,P0,"
广告主工作台,视频审核,"3. 水印版视频播放器,P0,"
广告主工作台,视频审核,"4. 高清完整版（交付后才可查看）,P0,"
广告主工作台,视频审核,"5. 全屏查看功能,P0,"
广告主工作台,视频审核,"6. 后端接口：GET /api/bids/:id/videos,P0,"
广告主工作台,审核操作,"1. ""确认通过""按钮,P0,确认通过后扣除尾款、生成授权书；修改后创作者可重新上传；订单冻结后状态变更"
广告主工作台,审核操作,"2. ""修改""按钮+修改意见输入（最多500字）,P0,"
广告主工作台,审核操作,"3. ""订单冻结""按钮+冻结原因输入,P0,"
广告主工作台,审核操作,"4. 确认弹窗,P0,"
广告主工作台,审核操作,"5. 余额检查,P0,"
广告主工作台,审核操作,"6. 后端接口：POST /api/bids/:id/approve、POST /api/bids/:id/request-change、POST /api/bids/:id/freeze,P0,"
广告主工作台,余额检查,"1. 确认通过前检查账户余额,P0,余额不足时提示""账户余额不足，请充值""；阻止确认通过操作"
广告主工作台,余额检查,"2. 余额不足提示,P0,"
广告主工作台,余额检查,"3. 充值引导（可选）,P0,"
广告主工作台,余额检查,"4. 后端接口：GET /api/users/balance,P0,"
广告主工作台,创作者管理Tab,"1. 合作过的创作者列表,P1,创作者列表正确展示；点击跳转创作者详情页"
广告主工作台,创作者管理Tab,"2. 创作者卡片组件,P1,"
广告主工作台,创作者管理Tab,"3. 查看创作者详情,P1,"
广告主工作台,创作者管理Tab,"4. 收藏/屏蔽操作,P1,"
广告主工作台,创作者管理Tab,"5. 后端接口：GET /api/creators/my-creators,P1,"
广告主工作台,消息中心Tab,"1. 消息列表,P1,消息列表正确展示；未读消息高亮；标记已读后状态更新"
广告主工作台,消息中心Tab,"2. 消息状态（已读/未读）,P1,"
广告主工作台,消息中心Tab,"3. 消息类型（系统通知/投标通知/审核通知）,P1,"
广告主工作台,消息中心Tab,"4. 标记已读/删除操作,P1,"
广告主工作台,消息中心Tab,"5. 后端接口：GET /api/messages,P1,"
广告主工作台,财务管理Tab,"1. 账户余额展示,P1,余额正确展示；交易记录按时间倒序；充值功能可用"
广告主工作台,财务管理Tab,"2. 交易记录列表,P1,"
广告主工作台,财务管理Tab,"3. 充值按钮,P1,"
广告主工作台,财务管理Tab,"4. 提现按钮（可选）,P1,"
广告主工作台,财务管理Tab,"5. 后端接口：GET /api/users/transactions,P1,"
广告主工作台,发布任务入口,"1. ""发布任务""按钮（突出显示）,P0,点击按钮跳转到发布订单页"
广告主工作台,发布任务入口,"2. 点击跳转/post-order,P0,"
广告主工作台,发布任务入口,"3. 引导文案,P0,"
广告主工作台,用户信息区,"1. 用户头像+名称,P0,用户信息正确展示；点击退出登录清除token"
广告主工作台,用户信息区,"2. 余额显示,P0,"
广告主工作台,用户信息区,"3. 设置入口,P0,"
广告主工作台,用户信息区,"4. 退出登录按钮,P0,"
广告主工作台,广告主工作台埋点,"1. Tab切换埋点,P1,记录Tab使用情况；记录审核操作类型"
广告主工作台,广告主工作台埋点,"2. 订单操作埋点（下架/编辑/删除）,P1,"
广告主工作台,广告主工作台埋点,"3. 投标审核埋点（通过/修改/冻结）,P1,"
广告主工作台,广告主工作台埋点,"4. 发布任务点击埋点,P1,"
广告主工作台,工作台异常处理,"1. 接口请求失败提示,P1,接口失败时显示toast；无任务时显示空状态图"
广告主工作台,工作台异常处理,"2. 操作失败提示,P1,"
广告主工作台,工作台异常处理,"3. 空状态展示,P1,"
广告主工作台,工作台异常处理,"4. 骨架屏loading,P1,"
创作者工作台,页面布局,"1. 左侧导航栏（任务/作品/消息/收入）,P0,左侧导航固定；Tab切换正确显示内容"
创作者工作台,页面布局,"2. 顶部用户信息区,P0,"
创作者工作台,页面布局,"3. 主内容区,P0,"
创作者工作台,页面布局,"4. Tab切换组件,P0,"
创作者工作台,页面布局,"5. 响应式布局,P0,"
创作者工作台,Tab导航,"1. 4个Tab：我的任务/作品集/消息中心/收入管理,P0,点击Tab切换内容；徽章显示未读数量"
创作者工作台,Tab导航,"2. Tab图标+文案,P0,"
创作者工作台,Tab导航,"3. 选中状态样式,P0,"
创作者工作台,Tab导航,"4. 徽章提示（未读数量等）,P0,"
创作者工作台,Tab导航,"5. 切换动画,P0,"
创作者工作台,我的任务Tab,"1. 任务列表展示,P0,任务列表正确展示；状态筛选生效；操作按钮正确执行"
创作者工作台,我的任务Tab,"2. 任务状态筛选（全部/待上传视频/待审核/待交付/已完成/审核未通过/订单冻结）,P0,"
创作者工作台,我的任务Tab,"3. 任务卡片组件,P0,"
创作者工作台,我的任务Tab,"4. 操作按钮,P0,"
创作者工作台,我的任务Tab,"5. 后端接口：GET /api/bids/my-bids,P0,"
创作者工作台,任务状态定义,"1. 待上传视频-灰色,P0,状态颜色正确；状态文案正确"
创作者工作台,任务状态定义,"2. 待审核-蓝色,P0,"
创作者工作台,任务状态定义,"3. 待交付-黄色,P0,"
创作者工作台,任务状态定义,"4. 已完成-绿色,P0,"
创作者工作台,任务状态定义,"5. 审核未通过-红色,P0,"
创作者工作台,任务状态定义,"6. 订单冻结-灰色,P0,"
创作者工作台,任务状态定义,"7. Badge组件,P0,"
创作者工作台,上传视频功能,"1. ""上传视频""按钮,P0,3个视频都必填；文件类型验证；上传进度显示；上传成功后状态变为""待审核"""
创作者工作台,上传视频功能,"2. 视频上传组件（3个视频）,P0,"
创作者工作台,上传视频功能,"3. 高光时刻（5-10秒）,P0,"
创作者工作台,上传视频功能,"4. 水印版视频（添加昵称水印）,P0,"
创作者工作台,上传视频功能,"5. 高清完整版（无水印）,P0,"
创作者工作台,上传视频功能,"6. 文件类型限制（MP4/MOV/AVI/MKV）,P0,"
创作者工作台,上传视频功能,"7. 文件大小限制,P0,"
创作者工作台,上传视频功能,"8. 上传进度显示,P0,"
创作者工作台,上传视频功能,"9. 后端接口：POST /api/bids/:id/videos,P0,"
创作者工作台,视频上传校验,"1. 文件类型校验（MP4/MOV/AVI/MKV）,P0,文件类型不符时提示""请上传 MP4、MOV、AVI 或 MKV 格式的视频文件""；高光视频时长不符时提示""高光视频时长应为5-10秒"""
创作者工作台,视频上传校验,"2. 文件大小校验,P0,"
创作者工作台,视频上传校验,"3. 高光视频时长校验（5-10秒）,P0,"
创作者工作台,视频上传校验,"4. 错误提示文案,P0,"
创作者工作台,重新上传视频,"1. ""重新上传""按钮（待交付/审核未通过状态）,P0,点击按钮重新上传视频；覆盖后状态更新"
创作者工作台,重新上传视频,"2. 覆盖已上传视频,P0,"
创作者工作台,重新上传视频,"3. 确认弹窗,P0,"
创作者工作台,重新上传视频,"4. 后端接口：PUT /api/bids/:id/videos,P0,"
创作者工作台,查看修改意见,"1. 修改意见展示,P0,修改意见正确展示；未读时高亮显示"
创作者工作台,查看修改意见,"2. 修改时间戳,P0,"
创作者工作台,查看修改意见,"3. 已读/未读状态,P0,"
创作者工作台,查看修改意见,"4. 后端接口：GET /api/bids/:id/feedback,P0,"
创作者工作台,作品集Tab,"1. 作品列表展示,P1,作品列表正确展示；置顶功能限制4个；编辑/删除操作生效"
创作者工作台,作品集Tab,"2. 作品卡片组件,P1,"
创作者工作台,作品集Tab,"3. 上传作品功能,P1,"
创作者工作台,作品集Tab,"4. 编辑/删除作品,P1,"
创作者工作台,作品集Tab,"5. 置顶作品（最多4个）,P1,"
创作者工作台,作品集Tab,"6. 后端接口：GET /api/works/my-works,P1,"
创作者工作台,上传作品,"1. 上传作品按钮,P1,上传后作品列表更新；作品信息完整展示"
创作者工作台,上传作品,"2. 视频上传组件,P1,"
创作者工作台,上传作品,"3. 作品标题输入,P1,"
创作者工作台,上传作品,"4. 作品描述输入,P1,"
创作者工作台,上传作品,"5. 作品标签,P1,"
创作者工作台,上传作品,"6. 后端接口：POST /api/works,P1,"
创作者工作台,置顶作品,"1. 置顶按钮,P1,置顶后作品展示在前面；超过4个时提示""最多只能置顶4个作品"""
创作者工作台,置顶作品,"2. 置顶限制（最多4个）,P1,"
创作者工作台,置顶作品,"3. 超过限制时提示,P1,"
创作者工作台,置顶作品,"4. 取消置顶功能,P1,"
创作者工作台,置顶作品,"5. 后端接口：PUT /api/works/:id/pin,P1,"
创作者工作台,消息中心Tab,"1. 消息列表,P1,消息列表正确展示；未读消息高亮；标记已读后状态更新"
创作者工作台,消息中心Tab,"2. 消息状态（已读/未读）,P1,"
创作者工作台,消息中心Tab,"3. 消息类型（系统通知/审核通知/修改通知）,P1,"
创作者工作台,消息中心Tab,"4. 标记已读/删除操作,P1,"
创作者工作台,消息中心Tab,"5. 后端接口：GET /api/messages,P1,"
创作者工作台,收入管理Tab,"1. 收入统计卡片（总收入/可提现/冻结中）,P1,收入统计正确；交易记录按时间倒序；提现功能可用"
创作者工作台,收入管理Tab,"2. 交易记录列表,P1,"
创作者工作台,收入管理Tab,"3. 提现按钮,P1,"
创作者工作台,收入管理Tab,"4. 提现规则说明,P1,"
创作者工作台,收入管理Tab,"5. 后端接口：GET /api/creators/earnings,P1,"
创作者工作台,用户信息区,"1. 用户头像+名称,P0,用户信息正确展示；等级徽章根据完成订单数显示"
创作者工作台,用户信息区,"2. 等级徽章（青铜/白银/黄金/铂金）,P0,"
创作者工作台,用户信息区,"3. 完成订单数,P0,"
创作者工作台,用户信息区,"4. 评分展示,P0,"
创作者工作台,用户信息区,"5. 设置入口,P0,"
创作者工作台,用户信息区,"6. 退出登录按钮,P0,"
创作者工作台,等级徽章系统,"1. 青铜创作者（1-9单）- #cd7f32,P1,等级根据完成订单数自动计算；徽章颜色和文案正确"
创作者工作台,等级徽章系统,"2. 白银创作者（10-29单）- #c0c0c0,P1,"
创作者工作台,等级徽章系统,"3. 黄金创作者（30-99单）- #ffd700,P1,"
创作者工作台,等级徽章系统,"4. 铂金创作者（100单以上）- #e5e4e2,P1,"
创作者工作台,等级徽章系统,"5. 后端接口：GET /api/creators/level,P1,"
创作者工作台,创作者工作台埋点,"1. Tab切换埋点,P1,记录Tab使用情况；记录视频上传成功/失败；记录作品操作类型"
创作者工作台,创作者工作台埋点,"2. 视频上传埋点,P1,"
创作者工作台,创作者工作台埋点,"3. 重新上传埋点,P1,"
创作者工作台,创作者工作台埋点,"4. 作品集操作埋点,P1,"
创作者工作台,创作者工作台埋点,"5. 提现操作埋点,P1,"
创作者工作台,工作台异常处理,"1. 接口请求失败提示,P1,接口失败时显示toast；无任务时显示空状态图"
创作者工作台,工作台异常处理,"2. 操作失败提示,P1,"
创作者工作台,工作台异常处理,"3. 空状态展示,P1,"
创作者工作台,工作台异常处理,"4. 骨架屏loading,P1,"
创作者个人信息,个人信息完善引导,"1. 检测isProfileComplete字段,P0,首次登录时弹出弹窗；点击""立即完善""进入完善流程；点击""稍后再说""可浏览任务大厅"
创作者个人信息,个人信息完善引导,"2. 未完善时弹出引导弹窗,P0,"
创作者个人信息,个人信息完善引导,"3. 弹窗标题：""欢迎加入瑞豆！请先完善个人信息"",P0,"
创作者个人信息,个人信息完善引导,"4. 弹窗说明和按钮,P0,"
创作者个人信息,个人信息完善引导,"5. ""立即完善""跳转完善流程,P0,"
创作者个人信息,个人信息完善引导,"6. ""稍后再说""进入任务大厅,P0,"
创作者个人信息,个人信息完善引导,"7. 后端接口：GET /api/creators/profile,P0,"
创作者个人信息,强制完善检查,"1. 点击""立即抢单""时检查isProfileComplete,P0,未完善时点击抢单弹出强制提示；点击""立即完善""跳转完善页面"
创作者个人信息,强制完善检查,"2. 未完善时强制提示,P0,"
创作者个人信息,强制完善检查,"3. 提示文案：""接单前请先完善个人信息，这样才能让广告主更好地了解您"",P0,"
创作者个人信息,强制完善检查,"4. 只有""立即完善""按钮,P0,"
创作者个人信息,强制完善检查,"5. 强制跳转完善流程,P0,"
创作者个人信息,技能选择页,"1. 步骤1：技能选择,P0,技能列表正确展示；多选功能正常；至少选择1项才能下一步；底部提示实时更新"
创作者个人信息,技能选择页,"2. 技能分类列表（网站IT、写作、设计、数据分析、销售等）,P0,"
创作者个人信息,技能选择页,"3. 多选复选框,P0,"
创作者个人信息,技能选择页,"4. 每个技能显示职位数量,P0,"
创作者个人信息,技能选择页,"5. 底部提示：""20项技能中仅选出1项 已选择X项技能"",P0,"
创作者个人信息,技能选择页,"6. 验证：至少选择1项,P0,"
创作者个人信息,技能选择页,"7. ""下一步""按钮,P0,"
创作者个人信息,技能选择页,"8. ""上一步""按钮（隐藏）,P0,"
创作者个人信息,姓名填写页,"1. 步骤2：姓名填写,P0,姓和名都必填；超过50字符时提示；上一步返回技能选择页"
创作者个人信息,姓名填写页,"2. ""名""(First Name)输入框[必填],P0,"
创作者个人信息,姓名填写页,"3. ""姓""(Last Name)输入框[必填],P0,"
创作者个人信息,姓名填写页,"4. 验证：1-50个字符,P0,"
创作者个人信息,姓名填写页,"5. 示例提示,P0,"
创作者个人信息,姓名填写页,"6. ""上一步""/""下一步""按钮,P0,"
创作者个人信息,自我描述页,"1. 步骤3：自我描述,P0,两个字段都必填；超过字数限制时提示；字数统计实时更新"
创作者个人信息,自我描述页,"2. ""你做什么工作？""输入框[必填，最多100字],P0,"
创作者个人信息,自我描述页,"3. ""请描述一下你自己""输入框[必填，最多500字],P0,"
创作者个人信息,自我描述页,"4. 字数统计,P0,"
创作者个人信息,自我描述页,"5. 示例提示,P0,"
创作者个人信息,自我描述页,"6. ""上一步""/""下一步""按钮,P0,"
创作者个人信息,语言与生日页,"1. 步骤4：语言与生日,P0,语言至少选择1项；年龄不满16岁时提示错误；点击完成提交数据"
创作者个人信息,语言与生日页,"2. ""你会说哪些语言？""多选下拉框,P0,"
创作者个人信息,语言与生日页,"3. 选项：中文、英语、日语、韩语等,P0,"
创作者个人信息,语言与生日页,"4. 默认勾选""中文""[必填，至少一项],P0,"
创作者个人信息,语言与生日页,"5. ""你什么时候出生？""日期选择器,P0,"
创作者个人信息,语言与生日页,"6. 验证：必须年满16周岁,P0,"
创作者个人信息,语言与生日页,"7. 错误提示：""您必须年满16周岁才能使用瑞豆平台"",P0,"
创作者个人信息,语言与生日页,"8. ""上一步""/""完成""按钮,P0,"
创作者个人信息,提交个人信息,"1. 前端验证所有必填字段,P0,所有字段验证通过后提交；提交成功后显示成功提示；自动跳转任务大厅"
创作者个人信息,提交个人信息,"2. 提交到后端保存,P0,"
创作者个人信息,提交个人信息,"3. 创建/更新CreatorProfile记录,P0,"
创作者个人信息,提交个人信息,"4. 设置isProfileComplete=true,P0,"
创作者个人信息,提交个人信息,"5. 记录completedAt时间,P0,"
创作者个人信息,提交个人信息,"6. 成功提示：""个人信息已完善，现在可以去接单啦！"",P0,"
创作者个人信息,提交个人信息,"7. 自动跳转到任务大厅,P0,"
创作者个人信息,提交个人信息,"8. 后端接口：POST /api/creators/profile,P0,"
创作者个人信息,步骤进度指示器,"1. 进度条组件,P1,进度条正确显示当前步骤；步骤切换时进度条更新"
创作者个人信息,步骤进度指示器,"2. 显示当前步骤（1/4、2/4等）,P1,"
创作者个人信息,步骤进度指示器,"3. 已完成步骤高亮,P1,"
创作者个人信息,步骤进度指示器,"4. 当前步骤激活,P1,"
创作者个人信息,步骤进度指示器,"5. 未完成步骤灰色,P1,"
创作者个人信息,数据暂存,"1. 每步数据暂存到localStorage,P1,每步数据自动暂存；下次打开时恢复已填写内容"
创作者个人信息,数据暂存,"2. 下次打开时恢复,P1,"
创作者个人信息,数据暂存,"3. 提交后清除暂存,P1,"
创作者个人信息,数据暂存,"4. 返回时恢复暂存数据,P1,"
创作者个人信息,个人信息埋点,"1. 开始完善时间,P1,记录完善流程开始和完成时间；记录每步停留时长"
创作者个人信息,个人信息埋点,"2. 完成时间,P1,"
创作者个人信息,个人信息埋点,"3. 每步停留时长,P1,"
创作者个人信息,个人信息埋点,"4. 选择的技能,P1,"
创作者个人信息,个人信息埋点,"5. 完成率统计,P1,"
创作者个人信息,个人信息异常处理,"1. 接口提交失败提示,P1,接口失败时显示""保存失败，请重试""；离开页面时提示""个人信息尚未完善，确定离开吗？"""
创作者个人信息,个人信息异常处理,"2. 数据暂存失败处理,P1,"
创作者个人信息,个人信息异常处理,"3. 离开页面提示,P1,"
创作者个人信息,个人信息异常处理,"4. 验证失败提示,P1,"
创作者列表,页面布局,"1. 顶部标题区,P0,布局清晰；网格响应式适配"
创作者列表,页面布局,"2. 筛选条件区（等级/行业/平台等）,P0,"
创作者列表,页面布局,"3. 排序工具条,P0,"
创作者列表,页面布局,"4. 创作者卡片网格,P0,"
创作者列表,页面布局,"5. 分页器,P0,"
创作者列表,筛选功能,"1. 等级筛选（青铜/白银/黄金/铂金）,P0,多个筛选条件可叠加；筛选后列表更新"
创作者列表,筛选功能,"2. 行业筛选,P0,"
创作者列表,筛选功能,"3. 平台筛选,P0,"
创作者列表,筛选功能,"4. 多条件组合,P0,"
创作者列表,筛选功能,"5. 后端接口：GET /api/creators?level=xxx&industry=xxx,P0,"
创作者列表,排序功能,"1. 排序下拉（评分最高/完成订单最多/最新加入）,P0,切换排序后列表按新规则展示"
创作者列表,排序功能,"2. 排序参数传递,P0,"
创作者列表,排序功能,"3. 后端接口：GET /api/creators?sort=xxx,P0,"
创作者列表,创作者卡片,"1. 头像+名称,P0,卡片信息正确展示；点击跳转详情页"
创作者列表,创作者卡片,"2. 一句话简介,P0,"
创作者列表,创作者卡片,"3. 等级徽章,P0,"
创作者列表,创作者卡片,"4. 评分,P0,"
创作者列表,创作者卡片,"5. 完成订单数,P0,"
创作者列表,创作者卡片,"6. ""查看详情""按钮,P0,"
创作者列表,创作者卡片,"7. 点击跳转详情页,P0,"
创作者列表,创作者卡片,"8. 后端接口：GET /api/creators,P0,"
创作者列表,分页功能,"1. 分页组件,P0,分页切换正常；页码正确更新"
创作者列表,分页功能,"2. 上一页/下一页按钮,P0,"
创作者列表,分页功能,"3. 页码展示,P0,"
创作者列表,分页功能,"4. 后端接口：GET /api/creators?page=1&limit=20,P0,"
创作者列表,空状态处理,"1. 空状态插图,P1,无创作者时显示空状态图"
创作者列表,空状态处理,"2. ""暂无创作者""提示,P1,"
创作者详情,页面布局,"1. 面包屑导航,P0,面包屑正确导航；布局响应式适配"
创作者详情,页面布局,"2. 创作者头部信息区,P0,"
创作者详情,页面布局,"3. 关键指标概览,P0,"
创作者详情,页面布局,"4. 详细简介,P0,"
创作者详情,页面布局,"5. 技能展示区,P0,"
创作者详情,页面布局,"6. 创作者任务列表,P0,"
创作者详情,页面布局,"7. 客户评价模块,P0,"
创作者详情,页面布局,"8. 响应式布局,P0,"
创作者详情,头部信息区,"1. 头像（大尺寸圆形）,P0,所有信息正确展示"
创作者详情,头部信息区,"2. 创作者名称,P0,"
创作者详情,头部信息区,"3. 一句话简介,P0,"
创作者详情,头部信息区,"4. 所在地,P0,"
创作者详情,头部信息区,"5. 加入时间,P0,"
创作者详情,头部信息区,"6. 后端接口：GET /api/creators/:id,P0,"
创作者详情,关键指标,"1. 总体评分（4.9）,P0,指标正确展示；等级徽章根据订单数显示"
创作者详情,关键指标,"2. 评价数量,P0,"
创作者详情,关键指标,"3. 完成素材任务数,P0,"
创作者详情,关键指标,"4. 等级徽章,P0,"
创作者详情,关键指标,"5. 后端接口：GET /api/creators/:id/stats,P0,"
创作者详情,详细简介,"1. ""关于我""区块,P0,简介内容正确展示；富文本正常渲染"
创作者详情,详细简介,"2. 富文本内容,P0,"
创作者详情,详细简介,"3. 团队背景、擅长行业等,P0,"
创作者详情,详细简介,"4. 后端接口：GET /api/creators/:id,P0,"
创作者详情,技能展示,"1. ""技能""区块,P0,技能标签正确展示"
创作者详情,技能展示,"2. 技能标签列表,P0,"
创作者详情,技能展示,"3. 后端接口：GET /api/creators/:id/skills,P0,"
创作者详情,我的客户,"1. ""我的客户""区块,P1,客户信息正确展示"
创作者详情,我的客户,"2. 客户logo/名称,P1,"
创作者详情,我的客户,"3. 后端接口：GET /api/creators/:id/clients,P1,"
创作者详情,创作者任务列表,"1. ""我的素材任务""区块,P0,任务列表正确展示；点击跳转任务详情页"
创作者详情,创作者任务列表,"2. 任务卡片网格,P0,"
创作者详情,创作者任务列表,"3. 任务信息（标题/平台/价格/评分等）,P0,"
创作者详情,创作者任务列表,"4. 点击跳转任务详情,P0,"
创作者详情,创作者任务列表,"5. 后端接口：GET /api/creators/:id/orders,P0,"
创作者详情,客户评价模块,"1. 评价列表,P1,评价列表正确展示；星级正确渲染"
创作者详情,客户评价模块,"2. 评价星级,P1,"
创作者详情,客户评价模块,"3. 评价内容,P1,"
创作者详情,客户评价模块,"4. 评价时间,P1,"
创作者详情,客户评价模块,"5. 后端接口：GET /api/creators/:id/reviews,P1,"
创作者详情,空状态处理,"1. 创作者不存在404,P1,创作者不存在显示404；无任务时显示""该创作者暂无任务"""
创作者详情,空状态处理,"2. 无任务时空状态,P1,"
创作者详情,空状态处理,"3. 无评价时空状态,P1,"
创作者列表,创作者模块埋点,"1. 列表筛选埋点,P1,记录筛选条件；记录详情页访问；记录任务点击"
创作者列表,创作者模块埋点,"2. 创作者卡片点击埋点,P1,"
创作者列表,创作者模块埋点,"3. 详情页访问埋点,P1,"
创作者列表,创作者模块埋点,"4. 任务点击埋点,P1,"
创作者列表,创作者模块异常,"1. 接口请求失败提示,P1,接口失败时显示toast；loading显示骨架屏"
创作者列表,创作者模块异常,"2. 骨架屏loading,P1,"
创作者列表,创作者模块异常,"3. 空状态展示,P1,"
视频审核,全屏视频审核页,"1. 全屏布局（无Navbar和Footer）,P0,全屏展示；视频居中播放；Tab切换视频"
视频审核,全屏视频审核页,"2. 视频播放器（大尺寸居中）,P0,"
视频审核,全屏视频审核页,"3. 视频切换Tab（高光/水印版/高清版）,P0,"
视频审核,全屏视频审核页,"4. 操作按钮区,P0,"
视频审核,全屏视频审核页,"5. 订单信息卡片,P0,"
视频审核,全屏视频审核页,"6. 响应式布局,P0,"
视频审核,视频播放器,"1. HTML5 Video Player,P0,视频正常播放；所有控制功能可用"
视频审核,视频播放器,"2. 播放/暂停控制,P0,"
视频审核,视频播放器,"3. 音量控制,P0,"
视频审核,视频播放器,"4. 全屏切换,P0,"
视频审核,视频播放器,"5. 进度条拖拽,P0,"
视频审核,视频播放器,"6. 播放速度调节,P0,"
视频审核,视频播放器,"7. 视频信息展示（时长/分辨率等）,P0,"
视频审核,视频切换Tab,"1. 3个Tab：高光时刻/水印版/高清完整版,P0,Tab切换视频；高清版未交付时提示""交付后可查看"""
视频审核,视频切换Tab,"2. Tab切换,P0,"
视频审核,视频切换Tab,"3. 选中状态样式,P0,"
视频审核,视频切换Tab,"4. 高清版权限控制（交付后才可查看）,P0,"
视频审核,视频切换Tab,"5. 无权限提示,P0,"
视频审核,订单信息卡片,"1. 订单标题,P0,订单信息正确展示"
视频审核,订单信息卡片,"2. 广告主信息,P0,"
视频审核,订单信息卡片,"3. 创作者信息,P0,"
视频审核,订单信息卡片,"4. 任务参数,P0,"
视频审核,订单信息卡片,"5. 后端接口：GET /api/bids/:id,P0,"
视频审核,审核操作区,"1. ""确认通过""按钮,P0,所有操作按钮正确执行；确认弹窗正确显示"
视频审核,审核操作区,"2. ""修改""按钮+修改意见输入,P0,"
视频审核,审核操作区,"3. ""订单冻结""按钮+冻结原因输入,P0,"
视频审核,审核操作区,"4. 返回按钮,P0,"
视频审核,审核操作区,"5. 确认弹窗,P0,"
视频审核,审核操作区,"6. 后端接口：POST /api/bids/:id/approve、POST /api/bids/:id/request-change、POST /api/bids/:id/freeze,P0,"
视频审核,修改意见输入,"1. Textarea组件,P0,超过500字时提示；字数统计实时更新"
视频审核,修改意见输入,"2. 最多500字限制,P0,"
视频审核,修改意见输入,"3. 字数统计,P0,"
视频审核,修改意见输入,"4. 提示文案,P0,"
视频审核,冻结原因输入,"1. Textarea组件,P0,冻结原因为空时提示""请输入冻结原因"""
视频审核,冻结原因输入,"2. 必填验证,P0,"
视频审核,冻结原因输入,"3. 字数限制,P0,"
视频审核,冻结原因输入,"4. 提示文案,P0,"
视频审核,视频加载优化,"1. 视频预加载,P1,视频快速加载；加载失败时提示"
视频审核,视频加载优化,"2. 加载状态展示,P1,"
视频审核,视频加载优化,"3. 加载失败提示,P1,"
视频审核,视频加载优化,"4. 断点续传（可选）,P1,"
视频审核,余额不足提示,"1. 确认通过前检查余额,P0,余额不足时显示""账户余额不足，请先充值""；阻止确认通过"
视频审核,余额不足提示,"2. 余额不足时弹窗提示,P0,"
视频审核,余额不足提示,"3. 充值引导,P0,"
视频审核,键盘快捷键,"1. 空格键播放/暂停,P1,快捷键功能正常"
视频审核,键盘快捷键,"2. ESC键退出全屏,P1,"
视频审核,键盘快捷键,"3. 左右方向键快进/快退,P1,"
视频审核,视频审核埋点,"1. 页面访问埋点,P1,记录视频播放时长；记录审核操作类型"
视频审核,视频审核埋点,"2. 视频播放时长埋点,P1,"
视频审核,视频审核埋点,"3. 审核操作埋点,P1,"
视频审核,视频审核埋点,"4. 视频切换埋点,P1,"
视频审核,视频审核异常,"1. 视频加载失败提示,P1,视频加载失败时显示""视频加载失败，请重试"""
视频审核,视频审核异常,"2. 接口请求失败提示,P1,"
视频审核,视频审核异常,"3. 网络异常重试,P1,"
消息中心,页面布局,"1. 消息列表,P1,布局清晰；筛选功能正常"
消息中心,页面布局,"2. 消息详情（可选）,P1,"
消息中心,页面布局,"3. 已读/未读筛选,P1,"
消息中心,页面布局,"4. 消息类型筛选,P1,"
消息中心,页面布局,"5. 批量操作（全部已读/删除）,P1,"
消息中心,页面布局,"6. 后端接口：GET /api/messages,P1,"
消息中心,消息列表,"1. 消息卡片组件,P1,消息列表正确展示；未读消息高亮；点击标记已读"
消息中心,消息列表,"2. 消息类型图标,P1,"
消息中心,消息列表,"3. 消息标题+内容,P1,"
消息中心,消息列表,"4. 发送时间,P1,"
消息中心,消息列表,"5. 已读/未读状态标识,P1,"
消息中心,消息列表,"6. 点击标记已读,P1,"
消息中心,消息列表,"7. 后端接口：GET /api/messages,P1,"
消息中心,消息类型,"1. 系统通知,P1,消息类型正确标识；图标和颜色正确"
消息中心,消息类型,"2. 投标通知,P1,"
消息中心,消息类型,"3. 审核通知,P1,"
消息中心,消息类型,"4. 修改通知,P1,"
消息中心,消息类型,"5. 付款通知,P1,"
消息中心,消息类型,"6. 类型图标+颜色区分,P1,"
消息中心,筛选功能,"1. 已读/未读筛选,P1,筛选条件生效；列表更新"
消息中心,筛选功能,"2. 消息类型筛选,P1,"
消息中心,筛选功能,"3. 时间范围筛选,P1,"
消息中心,筛选功能,"4. 后端接口：GET /api/messages?status=unread&type=xxx,P1,"
消息中心,批量操作,"1. 全部标记已读按钮,P1,全部标记已读后状态更新；批量删除后移除"
消息中心,批量操作,"2. 批量删除按钮,P1,"
消息中心,批量操作,"3. 选择框（可选）,P1,"
消息中心,批量操作,"4. 确认弹窗,P1,"
消息中心,批量操作,"5. 后端接口：PUT /api/messages/read-all、DELETE /api/messages/batch,P1,"
消息中心,消息详情,"1. 点击消息展开详情,P1,点击展开详情；相关操作按钮正确跳转"
消息中心,消息详情,"2. 完整消息内容,P1,"
消息中心,消息详情,"3. 相关操作按钮（跳转到相关页面）,P1,"
消息中心,消息详情,"4. 关闭按钮,P1,"
消息中心,徽章提示,"1. 导航栏消息图标,P1,未读数量正确显示；实时更新"
消息中心,徽章提示,"2. 未读数量徽章,P1,"
消息中心,徽章提示,"3. 实时更新,P1,"
消息中心,徽章提示,"4. 点击跳转消息中心,P1,"
消息中心,徽章提示,"5. 后端接口：GET /api/messages/unread-count,P1,"
消息中心,消息中心埋点,"1. 消息点击埋点,P1,记录消息点击和操作"
消息中心,消息中心埋点,"2. 消息已读埋点,P1,"
消息中心,消息中心埋点,"3. 消息删除埋点,P1,"
消息中心,消息中心异常,"1. 接口请求失败提示,P1,接口失败时显示toast；无消息时显示空状态图"
消息中心,消息中心异常,"2. 空状态展示,P1,"
管理后台,管理员登录,"1. 登录页面（/admin/login）,P0,登录成功后跳转/admin；存储admin token"
管理后台,管理员登录,"2. 用户名+密码输入,P0,"
管理后台,管理员登录,"3. 表单验证,P0,"
管理后台,管理员登录,"4. 后端接口：POST /api/admin/login,P0,"
管理后台,后台布局,"1. 左侧导航栏,P0,导航栏固定；响应式适配"
管理后台,后台布局,"2. 顶部用户信息区,P0,"
管理后台,后台布局,"3. 主内容区,P0,"
管理后台,后台布局,"4. 侧边栏收起/展开,P0,"
管理后台,后台布局,"5. 响应式布局,P0,"
管理后台,导航菜单,"1. 数据概览,P0,菜单正确跳转；当前页菜单高亮"
管理后台,导航菜单,"2. 订单管理,P0,"
管理后台,导航菜单,"3. 用户管理,P0,"
管理后台,导航菜单,"4. 创作者管理,P0,"
管理后台,导航菜单,"5. 审核管理,P0,"
管理后台,导航菜单,"6. 内容管理,P0,"
管理后台,导航菜单,"7. 系统设置,P0,"
管理后台,导航菜单,"8. 菜单高亮,P0,"
管理后台,数据概览页,"1. 统计卡片（总订单数/总用户数/总创作者数/总交易额）,P0,统计数据正确；图表正常渲染"
管理后台,数据概览页,"2. 图表展示（订单趋势/用户增长）,P0,"
管理后台,数据概览页,"3. 实时数据更新,P0,"
管理后台,数据概览页,"4. 后端接口：GET /api/admin/stats,P0,"
管理后台,订单管理页,"1. 订单列表,P0,订单列表正确展示；审核操作生效"
管理后台,订单管理页,"2. 筛选条件（状态/平台/时间范围）,P0,"
管理后台,订单管理页,"3. 搜索功能,P0,"
管理后台,订单管理页,"4. 订单详情查看,P0,"
管理后台,订单管理页,"5. 审核操作（通过/驳回）,P0,"
管理后台,订单管理页,"6. 后端接口：GET /api/admin/orders、PUT /api/admin/orders/:id/review,P0,"
管理后台,用户管理页,"1. 广告主用户列表,P0,用户列表正确展示；状态管理生效"
管理后台,用户管理页,"2. 筛选搜索,P0,"
管理后台,用户管理页,"3. 用户详情查看,P0,"
管理后台,用户管理页,"4. 用户状态管理（启用/禁用）,P0,"
管理后台,用户管理页,"5. 后端接口：GET /api/admin/users,P0,"
管理后台,创作者管理页,"1. 创作者列表,P0,创作者列表正确展示；等级管理生效"
管理后台,创作者管理页,"2. 筛选搜索,P0,"
管理后台,创作者管理页,"3. 创作者详情查看,P0,"
管理后台,创作者管理页,"4. 创作者等级管理,P0,"
管理后台,创作者管理页,"5. 后端接口：GET /api/admin/creators,P0,"
管理后台,审核管理页,"1. 待审核订单列表,P0,待审核列表正确展示；审核操作生效"
管理后台,审核管理页,"2. 订单详情查看,P0,"
管理后台,审核管理页,"3. 审核操作（通过/驳回）,P0,"
管理后台,审核管理页,"4. 驳回原因输入,P0,"
管理后台,审核管理页,"5. 后端接口：GET /api/admin/reviews,P0,"
管理后台,内容管理页,"1. 视频审核列表,P1,视频列表正确展示；审核操作生效"
管理后台,内容管理页,"2. 视频播放查看,P1,"
管理后台,内容管理页,"3. 内容审核操作,P1,"
管理后台,内容管理页,"4. 后端接口：GET /api/admin/content,P1,"
管理后台,系统设置页,"1. 平台配置表单,P1,配置正确保存；设置生效"
管理后台,系统设置页,"2. 支付配置,P1,"
管理后台,系统设置页,"3. 消息模板配置,P1,"
管理后台,系统设置页,"4. 保存设置,P1,"
管理后台,系统设置页,"5. 后端接口：GET /api/admin/settings、PUT /api/admin/settings,P1,"
管理后台,权限控制,"1. 管理员权限验证,P0,未登录跳转登录页；非管理员显示403"
管理后台,权限控制,"2. 未登录跳转/admin/login,P0,"
管理后台,权限控制,"3. 非管理员403,P0,"
管理后台,权限控制,"4. 后端接口：GET /api/admin/verify,P0,"
管理后台,数据导出,"1. 订单数据导出,P1,导出功能正常；Excel格式正确"
管理后台,数据导出,"2. 用户数据导出,P1,"
管理后台,数据导出,"3. Excel格式,P1,"
管理后台,数据导出,"4. 后端接口：GET /api/admin/export/orders,P1,"
管理后台,管理后台埋点,"1. 页面访问埋点,P1,记录管理员操作"
管理后台,管理后台埋点,"2. 审核操作埋点,P1,"
管理后台,管理后台埋点,"3. 数据导出埋点,P1,"
管理后台,管理后台异常,"1. 接口请求失败提示,P1,接口失败时显示toast；权限不足显示403"
管理后台,管理后台异常,"2. 权限不足提示,P1,"
管理后台,管理后台异常,"3. 空状态展示,P1,"
全局组件,Navbar导航栏,"1. Logo展示,P0,滚动时背景变化；移动端菜单可展开；徽章显示未读数"
全局组件,Navbar导航栏,"2. 导航菜单（探索/订单/登录/工作台）,P0,"
全局组件,Navbar导航栏,"3. 滚动时背景变色,P0,"
全局组件,Navbar导航栏,"4. 响应式菜单（移动端）,P0,"
全局组件,Navbar导航栏,"5. 用户信息展示（已登录）,P0,"
全局组件,Navbar导航栏,"6. 未读消息徽章,P0,"
全局组件,Footer页脚,"1. 快捷链接,P0,链接正确跳转；信息正确展示"
全局组件,Footer页脚,"2. 公司信息,P0,"
全局组件,Footer页脚,"3. 备案号,P0,"
全局组件,Footer页脚,"4. 版权信息,P0,"
全局组件,Footer页脚,"5. 社交媒体链接,P0,"
全局组件,Toast提示组件,"1. 成功/失败/警告/信息类型,P0,提示正确显示；自动消失"
全局组件,Toast提示组件,"2. 自动消失（3秒）,P0,"
全局组件,Toast提示组件,"3. 手动关闭,P0,"
全局组件,Toast提示组件,"4. 位置配置,P0,"
全局组件,Toast提示组件,"5. 全局调用,P0,"
全局组件,Dialog弹窗组件,"1. 标题+内容+按钮,P0,弹窗正确显示；关闭功能正常"
全局组件,Dialog弹窗组件,"2. 遮罩层,P0,"
全局组件,Dialog弹窗组件,"3. 点击遮罩关闭,P0,"
全局组件,Dialog弹窗组件,"4. ESC关闭,P0,"
全局组件,Dialog弹窗组件,"5. 全局调用,P0,"
全局组件,Loading组件,"1. Spinner动画,P0,加载动画正常；文案可配置"
全局组件,Loading组件,"2. 全屏加载,P0,"
全局组件,Loading组件,"3. 局部加载,P0,"
全局组件,Loading组件,"4. 文案配置,P0,"
全局组件,空状态组件,"1. 插图展示,P0,空状态正确展示；操作按钮可用"
全局组件,空状态组件,"2. 提示文案,P0,"
全局组件,空状态组件,"3. 操作按钮（可选）,P0,"
全局组件,空状态组件,"4. 样式可配置,P0,"
全局组件,骨架屏组件,"1. 卡片骨架,P1,骨架屏正常显示；动画流畅"
全局组件,骨架屏组件,"2. 列表骨架,P1,"
全局组件,骨架屏组件,"3. 文本骨架,P1,"
全局组件,骨架屏组件,"4. 动画效果,P1,"
全局工具,日期格式化,"1. date-fns集成,P0,日期正确格式化；相对时间准确"
全局工具,日期格式化,"2. 相对时间（刚刚/5分钟前）,P0,"
全局工具,日期格式化,"3. 绝对时间（2026-03-05）,P0,"
全局工具,日期格式化,"4. 时区处理,P0,"
全局工具,金额格式化,"1. 千分位分隔,P0,金额格式正确；货币符号正确"
全局工具,金额格式化,"2. 小数点处理,P0,"
全局工具,金额格式化,"3. 货币符号（¥）,P0,"
全局工具,金额格式化,"4. 隐藏金额（可选）,P0,"
全局工具,图片处理,"1. 图片懒加载,P1,图片懒加载正常；响应式图片正确加载"
全局工具,图片处理,"2. 响应式图片,P1,"
全局工具,图片处理,"3. 图片压缩,P1,"
全局工具,图片处理,"4. WebP格式支持,P1,"
全局工具,表单验证,"1. 必填验证,P0,验证规则生效；错误提示正确"
全局工具,表单验证,"2. 格式验证,P0,"
全局工具,表单验证,"3. 长度验证,P0,"
全局工具,表单验证,"4. 自定义验证规则,P0,"
全局工具,表单验证,"5. 错误提示,P0,"
全局工具,权限指令,"1. v-if权限判断,P0,权限判断正确；角色判断准确"
全局工具,权限指令,"2. v-show权限控制,P0,"
全局工具,权限指令,"3. 权限函数工具,P0,"
全局工具,权限指令,"4. 角色判断,P0,"
埋点系统,埋点SDK集成,"1. 第三方埋点SDK（友盟/神策等）或自研,P1,SDK正确初始化；事件正常上报"
埋点系统,埋点SDK集成,"2. 初始化配置,P1,"
埋点系统,埋点SDK集成,"3. 用户标识,P1,"
埋点系统,埋点SDK集成,"4. 事件上报接口,P1,"
埋点系统,埋点SDK集成,"5. 批量上报,P1,"
埋点系统,页面访问埋点,"1. 自动记录所有页面访问,P1,自动记录所有页面访问；停留时长准确"
埋点系统,页面访问埋点,"2. 页面路径,P1,"
埋点系统,页面访问埋点,"3. 页面标题,P1,"
埋点系统,页面访问埋点,"4. 访问时间,P1,"
埋点系统,页面访问埋点,"5. 停留时长,P1,"
埋点系统,页面访问埋点,"6. URL参数,P1,"
埋点系统,用户行为埋点,"1. 按钮点击,P1,记录用户交互行为；滚动深度准确"
埋点系统,用户行为埋点,"2. 链接点击,P1,"
埋点系统,用户行为埋点,"3. 表单提交,P1,"
埋点系统,用户行为埋点,"4. 搜索行为,P1,"
埋点系统,用户行为埋点,"5. 筛选行为,P1,"
埋点系统,用户行为埋点,"6. 滚动深度,P1,"
埋点系统,业务埋点,"1. 登录/注册,P1,记录关键业务节点；数据准确"
埋点系统,业务埋点,"2. 订单发布,P1,"
埋点系统,业务埋点,"3. 创作者接单,P1,"
埋点系统,业务埋点,"4. 视频上传,P1,"
埋点系统,业务埋点,"5. 审核操作,P1,"
埋点系统,业务埋点,"6. 交易完成,P1,"
埋点系统,错误埋点,"1. 接口错误,P1,自动捕获错误；错误信息完整"
埋点系统,错误埋点,"2. JS错误,P1,"
埋点系统,错误埋点,"3. 资源加载错误,P1,"
埋点系统,错误埋点,"4. 用户操作错误,P1,"
埋点系统,错误埋点,"5. 错误堆栈,P1,"
埋点系统,性能埋点,"1. 页面加载时间,P1,性能指标准确；上报正常"
埋点系统,性能埋点,"2. 接口响应时间,P1,"
埋点系统,性能埋点,"3. 资源加载时间,P1,"
埋点系统,性能埋点,"4. 首屏渲染时间,P1,"
埋点系统,埋点管理,"1. 埋点配置管理,P1,可配置埋点开关；采样率生效"
埋点系统,埋点管理,"2. 埋点开关,P1,"
埋点系统,埋点管理,"3. 采样率配置,P1,"
埋点系统,埋点管理,"4. 调试模式,P1,"
异常处理,网络异常处理,"1. 接口请求失败统一处理,P0,接口失败时显示toast；离线时提示""网络异常"""
异常处理,网络异常处理,"2. Axios拦截器,P0,"
异常处理,网络异常处理,"3. 错误提示Toast,P0,"
异常处理,网络异常处理,"4. 重试机制,P0,"
异常处理,网络异常处理,"5. 离线检测,P0,"
异常处理,空数据状态,"1. 列表空状态,P0,空状态正确展示；引导操作可用"
异常处理,空数据状态,"2. 详情空状态,P0,"
异常处理,空数据状态,"3. 搜索无结果,P0,"
异常处理,空数据状态,"4. 空状态插图+文案,P0,"
异常处理,空数据状态,"5. 引导操作,P0,"
异常处理,加载状态,"1. 骨架屏Loading,P0,加载状态正确展示；超时后显示错误提示"
异常处理,加载状态,"2. Spinner动画,P0,"
异常处理,加载状态,"3. 全屏加载,P0,"
异常处理,加载状态,"4. 局部加载,P0,"
异常处理,加载状态,"5. 加载超时处理,P0,"
异常处理,权限不足处理,"1. 未登录跳转登录,P0,未登录跳转登录；角色不符显示403"
异常处理,权限不足处理,"2. 角色不符提示,P0,"
异常处理,权限不足处理,"3. 权限错误统一处理,P0,"
异常处理,权限不足处理,"4. 403页面,P0,"
异常处理,404页面,"1. 404页面设计,P1,404页面正确展示；返回按钮正常"
异常处理,404页面,"2. 返回首页按钮,P1,"
异常处理,404页面,"3. 返回上一页按钮,P1,"
异常处理,500页面,"1. 500页面设计,P1,500页面正确展示；错误提示友好"
异常处理,500页面,"2. 错误提示,P1,"
异常处理,500页面,"3. 返回首页按钮,P1,"
异常处理,500页面,"4. 刷新按钮,P1,"
异常处理,表单验证,"1. 前端验证规则,P0,验证规则生效；错误提示准确定位"
异常处理,表单验证,"2. 实时验证,P0,"
异常处理,表单验证,"3. 提交前验证,P0,"
异常处理,表单验证,"4. 错误提示定位,P0,"
异常处理,表单验证,"5. 验证失败提示,P0,"
异常处理,文件上传异常,"1. 文件类型错误,P0,文件类型错误时提示；大小超限时提示；上传失败可重试"
异常处理,文件上传异常,"2. 文件大小超限,P0,"
异常处理,文件上传异常,"3. 上传失败重试,P0,"
异常处理,文件上传异常,"4. 上传超时处理,P0,"
异常处理,文件上传异常,"5. 断点续传（可选）,P0,"
异常处理,并发控制,"1. 重复提交防止,P0,防止重复提交；按钮节流生效"
异常处理,并发控制,"2. 按钮节流,P0,"
异常处理,并发控制,"3. 接口节流,P0,"
异常处理,并发控制,"4. 防抖处理,P0,"
异常处理,浏览器兼容性,"1. Chrome/Safari/Firefox测试,P1,主流浏览器正常显示；移动端适配"
异常处理,浏览器兼容性,"2. 移动端浏览器测试,P1,"
异常处理,浏览器兼容性,"3. Polyfill处理,P1,"
异常处理,浏览器兼容性,"4. CSS前缀处理,P1,"
异常处理,用户体验优化,"1. 页面切换loading,P1,操作后及时反馈；进度提示准确"
异常处理,用户体验优化,"2. 操作反馈,P1,"
异常处理,用户体验优化,"3. 进度提示,P1,"
异常处理,用户体验优化,"4. 成功/失败提示,P1,"
